<?xml version="1.0" encoding="UTF-8" standalone="yes"?>
<addon id="repository.onzarking1300" name="[COLOR grey]Onzarking1300 repository[/COLOR]" version="1.0" provider-name="onzarking1300">
    <extension point="xbmc.addon.repository" name="[COLOR grey]Onzarking1300 repository[/COLOR]">
		<dir>
			<info compressed="false">https://raw.githubusercontent.com/OLSRzdWQXo/QFbuuulxXB/refs/heads/main/addons.xml</info>
			<checksum>https://raw.githubusercontent.com/OLSRzdWQXo/QFbuuulxXB/refs/heads/main/addons.xml.md5</checksum>
			<datadir zip="true">https://raw.githubusercontent.com/OLSRzdWQXo/QFbuuulxXB/master/</datadir>
		</dir>
		<dir>
			<info compressed="false">https://raw.githubusercontent.com/Gujal00/smrzips/master/addons.xml</info>
			<checksum>https://raw.githubusercontent.com/Gujal00/smrzips/master/addons.xml.md5</checksum>
			<datadir zip="true">https://raw.githubusercontent.com/Gujal00/smrzips/master/zips/</datadir>
		</dir>
	</extension>
    <extension point="xbmc.addon.metadata">
        <summary lang="en_GB">repository for fun.</summary>
        <description lang="en_GB"></description>
        <platform>all</platform>
        <assets>
            <icon>icon.png</icon>
        </assets>
    </extension>
</addon>